{"cameraMode":{"drawMode":0,"name":"Shaded","section":"Shading Mode"},"sceneLighting":true,"audioPlay":false,"sceneViewState":{"showFog":true,"showMaterialUpdate":false,"showSkybox":true,"showFlares":true,"showImageEffects":true,"showParticleSystems":true},"in2DMode":false,"pivot":{"x":11.507156372070313,"y":17.475021362304689,"z":38.72511672973633},"rotation":{"x":0.02639489620923996,"y":-0.0213807113468647,"z":0.0003800894774030894,"w":0.9995971322059631},"size":10.65432071685791,"orthographic":false}